name	Consensus	Consensus2	LEVEL-1	LEVEL-2
prokASV_100	Candidatus_Actinomarina	Candidatus_Actinomarina	Actinobacteria	Actinomarinales
prokASV_1321	Candidatus_Actinomarina	Candidatus_Actinomarina	Actinobacteria	Actinomarinales
prokASV_1486	Candidatus_Actinomarina	Candidatus_Actinomarina	Actinobacteria	Actinomarinales
prokASV_176	Candidatus_Actinomarina	Candidatus_Actinomarina	Actinobacteria	Actinomarinales
prokASV_1927	Candidatus_Actinomarina	Candidatus_Actinomarina	Actinobacteria	Actinomarinales
prokASV_1933	Candidatus_Actinomarina	Candidatus_Actinomarina	Actinobacteria	Actinomarinales
prokASV_209	Candidatus_Actinomarina	Candidatus_Actinomarina	Actinobacteria	Actinomarinales
prokASV_2162	Candidatus_Actinomarina	Candidatus_Actinomarina	Actinobacteria	Actinomarinales
prokASV_257	Candidatus_Actinomarina	Candidatus_Actinomarina	Actinobacteria	Actinomarinales
prokASV_295	Candidatus_Actinomarina	Candidatus_Actinomarina	Actinobacteria	Actinomarinales
prokASV_324	Candidatus_Actinomarina	Candidatus_Actinomarina	Actinobacteria	Actinomarinales
prokASV_47	Candidatus_Actinomarina	Candidatus_Actinomarina	Actinobacteria	Actinomarinales
prokASV_498	Candidatus_Actinomarina	Candidatus_Actinomarina	Actinobacteria	Actinomarinales
prokASV_577	Candidatus_Actinomarina	Candidatus_Actinomarina	Actinobacteria	Actinomarinales
prokASV_670	Candidatus_Actinomarina	Candidatus_Actinomarina	Actinobacteria	Actinomarinales
prokASV_78	Candidatus_Actinomarina	Candidatus_Actinomarina	Actinobacteria	Actinomarinales
prokASV_850	Candidatus_Actinomarina	Candidatus_Actinomarina	Actinobacteria	Actinomarinales
prokASV_1602	Other_Actinobacteria	Other	Actinobacteria	Microtrichales
prokASV_2174	Other_Actinobacteria	Other	Actinobacteria	Microtrichales
prokASV_3123	Other_Actinobacteria	Other	Actinobacteria	Microtrichales
prokASV_20	Other_Actinobacteria	Other	Actinobacteria	Corynebacteriales
prokASV_2	Other_Actinobacteria	Other	Actinobacteria	Corynebacteriales
prokASV_277	Other_Actinobacteria	Other	Actinobacteria	Micrococcales
prokASV_630	Other_Actinobacteria	Other	Actinobacteria	Micrococcales
prokASV_1906	Other_Actinobacteria	Other	Actinobacteria	PeM15
prokASV_3314	Other_Actinobacteria	Other	Actinobacteria	PeM16
prokASV_6	Other_Actinobacteria	Other	Actinobacteria	Propionibacteriales
prokASV_1833	Other_Bacteroidetes	Other	Bacteroidetes	Chitinophagales
prokASV_27	Other_Bacteroidetes	Other	Bacteroidetes	Chitinophagales
prokASV_1538	Other_Bacteroidetes	Other	Bacteroidetes	Cytophagales
prokASV_1731	Other_Bacteroidetes	Other	Bacteroidetes	Cytophagales
prokASV_1930	Other_Bacteroidetes	Other	Bacteroidetes	Cytophagales
prokASV_412	Other_Bacteroidetes	Other	Bacteroidetes	Cytophagales
prokASV_623	Other_Bacteroidetes	Other	Bacteroidetes	Cytophagales
prokASV_716	Other_Bacteroidetes	Other	Bacteroidetes	Cytophagales
prokASV_913	Other_Bacteroidetes	Other	Bacteroidetes	Cytophagales
prokASV_508	Flavobacteriales	Other	Bacteroidetes	Flavobacteriales
prokASV_553	Flavobacteriales	Other	Bacteroidetes	Flavobacteriales
prokASV_1593	Flavobacteriales	Other	Bacteroidetes	Flavobacteriales
prokASV_2158	Flavobacteriales	Other	Bacteroidetes	Flavobacteriales
prokASV_3085	Flavobacteriales	Other	Bacteroidetes	Flavobacteriales
prokASV_4418	Flavobacteriales	Other	Bacteroidetes	Flavobacteriales
prokASV_473	Flavobacteriales	Other	Bacteroidetes	Flavobacteriales
prokASV_992	Flavobacteriales	Other	Bacteroidetes	Flavobacteriales
prokASV_113	Flavobacteriales	Other	Bacteroidetes	Flavobacteriales
prokASV_315	Flavobacteriales	Other	Bacteroidetes	Flavobacteriales
prokASV_185	Flavobacteriales	Other	Bacteroidetes	Flavobacteriales
prokASV_1562	Flavobacteriales	Other	Bacteroidetes	Flavobacteriales
prokASV_2111	Flavobacteriales	Other	Bacteroidetes	Flavobacteriales
prokASV_299	Flavobacteriales	Other	Bacteroidetes	Flavobacteriales
prokASV_6063	Flavobacteriales	Other	Bacteroidetes	Flavobacteriales
prokASV_7484	Flavobacteriales	Other	Bacteroidetes	Flavobacteriales
prokASV_859	Flavobacteriales	Other	Bacteroidetes	Flavobacteriales
prokASV_236	Flavobacteriales	Other	Bacteroidetes	Flavobacteriales
prokASV_49	Flavobacteriales	Other	Bacteroidetes	Flavobacteriales
prokASV_251	Flavobacteriales	Other	Bacteroidetes	Flavobacteriales
prokASV_29	Flavobacteriales	Other	Bacteroidetes	Flavobacteriales
prokASV_126	Flavobacteriales	Other	Bacteroidetes	Flavobacteriales
prokASV_151	Flavobacteriales	Other	Bacteroidetes	Flavobacteriales
prokASV_1694	Flavobacteriales	Other	Bacteroidetes	Flavobacteriales
prokASV_186	Flavobacteriales	Other	Bacteroidetes	Flavobacteriales
prokASV_4884	Flavobacteriales	Other	Bacteroidetes	Flavobacteriales
prokASV_5597	Flavobacteriales	Other	Bacteroidetes	Flavobacteriales
prokASV_75	Flavobacteriales	Other	Bacteroidetes	Flavobacteriales
prokASV_117	Flavobacteriales	Other	Bacteroidetes	Flavobacteriales
prokASV_1494	Flavobacteriales	Other	Bacteroidetes	Flavobacteriales
prokASV_1778	Flavobacteriales	Other	Bacteroidetes	Flavobacteriales
prokASV_1965	Flavobacteriales	Other	Bacteroidetes	Flavobacteriales
prokASV_247	Flavobacteriales	Other	Bacteroidetes	Flavobacteriales
prokASV_372	Flavobacteriales	Other	Bacteroidetes	Flavobacteriales
prokASV_535	Flavobacteriales	Other	Bacteroidetes	Flavobacteriales
prokASV_605	Flavobacteriales	Other	Bacteroidetes	Flavobacteriales
prokASV_938	Flavobacteriales	Other	Bacteroidetes	Flavobacteriales
prokASV_1045	Flavobacteriales	Other	Bacteroidetes	Flavobacteriales
prokASV_1105	Flavobacteriales	Other	Bacteroidetes	Flavobacteriales
prokASV_1112	Flavobacteriales	Other	Bacteroidetes	Flavobacteriales
prokASV_1278	Flavobacteriales	Other	Bacteroidetes	Flavobacteriales
prokASV_1452	Flavobacteriales	Other	Bacteroidetes	Flavobacteriales
prokASV_1478	Flavobacteriales	Other	Bacteroidetes	Flavobacteriales
prokASV_1585	Flavobacteriales	Other	Bacteroidetes	Flavobacteriales
prokASV_1743	Flavobacteriales	Other	Bacteroidetes	Flavobacteriales
prokASV_1949	Flavobacteriales	Other	Bacteroidetes	Flavobacteriales
prokASV_2094	Flavobacteriales	Other	Bacteroidetes	Flavobacteriales
prokASV_2147	Flavobacteriales	Other	Bacteroidetes	Flavobacteriales
prokASV_2257	Flavobacteriales	Other	Bacteroidetes	Flavobacteriales
prokASV_2362	Flavobacteriales	Other	Bacteroidetes	Flavobacteriales
prokASV_2777	Flavobacteriales	Other	Bacteroidetes	Flavobacteriales
prokASV_3150	Flavobacteriales	Other	Bacteroidetes	Flavobacteriales
prokASV_3385	Flavobacteriales	Other	Bacteroidetes	Flavobacteriales
prokASV_3425	Flavobacteriales	Other	Bacteroidetes	Flavobacteriales
prokASV_3505	Flavobacteriales	Other	Bacteroidetes	Flavobacteriales
prokASV_386	Flavobacteriales	Other	Bacteroidetes	Flavobacteriales
prokASV_3975	Flavobacteriales	Other	Bacteroidetes	Flavobacteriales
prokASV_441	Flavobacteriales	Other	Bacteroidetes	Flavobacteriales
prokASV_485	Flavobacteriales	Other	Bacteroidetes	Flavobacteriales
prokASV_494	Flavobacteriales	Other	Bacteroidetes	Flavobacteriales
prokASV_545	Flavobacteriales	Other	Bacteroidetes	Flavobacteriales
prokASV_580	Flavobacteriales	Other	Bacteroidetes	Flavobacteriales
prokASV_659	Flavobacteriales	Other	Bacteroidetes	Flavobacteriales
prokASV_684	Flavobacteriales	Other	Bacteroidetes	Flavobacteriales
prokASV_721	Flavobacteriales	Other	Bacteroidetes	Flavobacteriales
prokASV_851	Flavobacteriales	Other	Bacteroidetes	Flavobacteriales
prokASV_8649	Flavobacteriales	Other	Bacteroidetes	Flavobacteriales
prokASV_911	Flavobacteriales	Other	Bacteroidetes	Flavobacteriales
prokASV_915	Flavobacteriales	Other	Bacteroidetes	Flavobacteriales
prokASV_9585	Flavobacteriales	Other	Bacteroidetes	Flavobacteriales
prokASV_981	Flavobacteriales	Other	Bacteroidetes	Flavobacteriales
prokASV_982	Flavobacteriales	Other	Bacteroidetes	Flavobacteriales
prokASV_10412	Flavobacteriales	Other	Bacteroidetes	Flavobacteriales
prokASV_1063	Flavobacteriales	Other	Bacteroidetes	Flavobacteriales
prokASV_1101	Flavobacteriales	Other	Bacteroidetes	Flavobacteriales
prokASV_11193	Flavobacteriales	Other	Bacteroidetes	Flavobacteriales
prokASV_1385	Flavobacteriales	Other	Bacteroidetes	Flavobacteriales
prokASV_1814	Flavobacteriales	Other	Bacteroidetes	Flavobacteriales
prokASV_1917	Flavobacteriales	Other	Bacteroidetes	Flavobacteriales
prokASV_229	Flavobacteriales	Other	Bacteroidetes	Flavobacteriales
prokASV_2729	Flavobacteriales	Other	Bacteroidetes	Flavobacteriales
prokASV_2902	Flavobacteriales	Other	Bacteroidetes	Flavobacteriales
prokASV_3180	Flavobacteriales	Other	Bacteroidetes	Flavobacteriales
prokASV_3533	Flavobacteriales	Other	Bacteroidetes	Flavobacteriales
prokASV_3534	Flavobacteriales	Other	Bacteroidetes	Flavobacteriales
prokASV_3630	Flavobacteriales	Other	Bacteroidetes	Flavobacteriales
prokASV_378	Flavobacteriales	Other	Bacteroidetes	Flavobacteriales
prokASV_3820	Flavobacteriales	Other	Bacteroidetes	Flavobacteriales
prokASV_3927	Flavobacteriales	Other	Bacteroidetes	Flavobacteriales
prokASV_413	Flavobacteriales	Other	Bacteroidetes	Flavobacteriales
prokASV_4843	Flavobacteriales	Other	Bacteroidetes	Flavobacteriales
prokASV_4973	Flavobacteriales	Other	Bacteroidetes	Flavobacteriales
prokASV_551	Flavobacteriales	Other	Bacteroidetes	Flavobacteriales
prokASV_5620	Flavobacteriales	Other	Bacteroidetes	Flavobacteriales
prokASV_5692	Flavobacteriales	Other	Bacteroidetes	Flavobacteriales
prokASV_632	Flavobacteriales	Other	Bacteroidetes	Flavobacteriales
prokASV_6685	Flavobacteriales	Other	Bacteroidetes	Flavobacteriales
prokASV_840	Flavobacteriales	Other	Bacteroidetes	Flavobacteriales
prokASV_934	Flavobacteriales	Other	Bacteroidetes	Flavobacteriales
prokASV_958	Flavobacteriales	Other	Bacteroidetes	Flavobacteriales
prokASV_345	Flavobacteriales	Other	Bacteroidetes	Flavobacteriales
prokASV_1373	Flavobacteriales	Other	Bacteroidetes	Flavobacteriales
prokASV_129	Flavobacteriales	Other	Bacteroidetes	Flavobacteriales
prokASV_1220	Flavobacteriales	Other	Bacteroidetes	Flavobacteriales
prokASV_1888	Flavobacteriales	Other	Bacteroidetes	Flavobacteriales
prokASV_2045	Flavobacteriales	Other	Bacteroidetes	Flavobacteriales
prokASV_2105	Flavobacteriales	Other	Bacteroidetes	Flavobacteriales
prokASV_478	Flavobacteriales	Other	Bacteroidetes	Flavobacteriales
prokASV_482	Flavobacteriales	Other	Bacteroidetes	Flavobacteriales
prokASV_675	Flavobacteriales	Other	Bacteroidetes	Flavobacteriales
prokASV_750	Flavobacteriales	Other	Bacteroidetes	Flavobacteriales
prokASV_1249	Flavobacteriales	Other	Bacteroidetes	Flavobacteriales
prokASV_1539	Flavobacteriales	Other	Bacteroidetes	Flavobacteriales
prokASV_2024	Flavobacteriales	Other	Bacteroidetes	Flavobacteriales
prokASV_2145	Flavobacteriales	Other	Bacteroidetes	Flavobacteriales
prokASV_2442	Flavobacteriales	Other	Bacteroidetes	Flavobacteriales
prokASV_2640	Flavobacteriales	Other	Bacteroidetes	Flavobacteriales
prokASV_2776	Flavobacteriales	Other	Bacteroidetes	Flavobacteriales
prokASV_2837	Flavobacteriales	Other	Bacteroidetes	Flavobacteriales
prokASV_2935	Flavobacteriales	Other	Bacteroidetes	Flavobacteriales
prokASV_347	Flavobacteriales	Other	Bacteroidetes	Flavobacteriales
prokASV_365	Flavobacteriales	Other	Bacteroidetes	Flavobacteriales
prokASV_371	Flavobacteriales	Other	Bacteroidetes	Flavobacteriales
prokASV_4300	Flavobacteriales	Other	Bacteroidetes	Flavobacteriales
prokASV_769	Flavobacteriales	Other	Bacteroidetes	Flavobacteriales
prokASV_929	Flavobacteriales	Other	Bacteroidetes	Flavobacteriales
prokASV_2985	Rhodothermia	Other	Bacteroidetes	Rhodothermia
prokASV_489	Rhodothermia	Other	Bacteroidetes	Rhodothermia
prokASV_55	Rhodothermia	Other	Bacteroidetes	Rhodothermia
prokASV_1804	Chloroflexi	Other	Chloroflexi	Dehalococcoidia
prokASV_1912	Chloroflexi	Other	Chloroflexi	Dehalococcoidia
prokASV_387	Other_cyanobacteria	Other	Cyanobacteria	Nostocales
prokASV_1	Prochlorococcus_MIT9313	Prochlorococcus_MIT9313	Cyanobacteria	Prochlorococcus
prokASV_1078	Prochlorococcus_MIT9313	Prochlorococcus_MIT9313	Cyanobacteria	Prochlorococcus
prokASV_1185	Prochlorococcus_MIT9313	Prochlorococcus_MIT9313	Cyanobacteria	Prochlorococcus
prokASV_1189	Prochlorococcus_MIT9322	Prochlorococcus_MIT9322	Cyanobacteria	Prochlorococcus
prokASV_1196	Prochlorococcus_MIT9313	Prochlorococcus_MIT9313	Cyanobacteria	Prochlorococcus
prokASV_1290	Prochlorococcus_MIT9313	Prochlorococcus_MIT9313	Cyanobacteria	Prochlorococcus
prokASV_136	Prochlorococcus_MIT9313	Prochlorococcus_MIT9313	Cyanobacteria	Prochlorococcus
prokASV_1427	Prochlorococcus_MIT9313	Prochlorococcus_MIT9313	Cyanobacteria	Prochlorococcus
prokASV_1461	Prochlorococcus_MIT9313	Prochlorococcus_MIT9313	Cyanobacteria	Prochlorococcus
prokASV_152	Prochlorococcus_MIT9313	Prochlorococcus_MIT9313	Cyanobacteria	Prochlorococcus
prokASV_1559	Prochlorococcus_MIT9327	Prochlorococcus_MIT9327	Cyanobacteria	Prochlorococcus
prokASV_1597	Prochlorococcus_MIT9324	Prochlorococcus_MIT9324	Cyanobacteria	Prochlorococcus
prokASV_1644	Prochlorococcus_MIT9333	Prochlorococcus_MIT9333	Cyanobacteria	Prochlorococcus
prokASV_166	Prochlorococcus_MIT9313	Prochlorococcus_MIT9313	Cyanobacteria	Prochlorococcus
prokASV_1821	Prochlorococcus_MIT9335	Prochlorococcus_MIT9335	Cyanobacteria	Prochlorococcus
prokASV_184	Prochlorococcus_MIT9315	Prochlorococcus_MIT9315	Cyanobacteria	Prochlorococcus
prokASV_1931	Prochlorococcus_MIT9313	Prochlorococcus_MIT9313	Cyanobacteria	Prochlorococcus
prokASV_194	Prochlorococcus_MIT9313	Prochlorococcus_MIT9313	Cyanobacteria	Prochlorococcus
prokASV_195	Prochlorococcus_MIT9313	Prochlorococcus_MIT9313	Cyanobacteria	Prochlorococcus
prokASV_199	Prochlorococcus_MIT9313	Prochlorococcus_MIT9313	Cyanobacteria	Prochlorococcus
prokASV_215	Prochlorococcus_MIT9313	Prochlorococcus_MIT9313	Cyanobacteria	Prochlorococcus
prokASV_217	Prochlorococcus_MIT9313	Prochlorococcus_MIT9313	Cyanobacteria	Prochlorococcus
prokASV_2564	Prochlorococcus_MIT9313	Prochlorococcus_MIT9313	Cyanobacteria	Prochlorococcus
prokASV_281	Prochlorococcus_MIT9313	Prochlorococcus_MIT9313	Cyanobacteria	Prochlorococcus
prokASV_2871	Prochlorococcus_MIT9329	Prochlorococcus_MIT9329	Cyanobacteria	Prochlorococcus
prokASV_290	Prochlorococcus_MIT9313	Prochlorococcus_MIT9313	Cyanobacteria	Prochlorococcus
prokASV_298	Prochlorococcus_MIT9326	Prochlorococcus_MIT9326	Cyanobacteria	Prochlorococcus
prokASV_3145	Prochlorococcus_MIT9328	Prochlorococcus_MIT9328	Cyanobacteria	Prochlorococcus
prokASV_317	Prochlorococcus_MIT9316	Prochlorococcus_MIT9316	Cyanobacteria	Prochlorococcus
prokASV_32	Prochlorococcus_MIT9314	Prochlorococcus_MIT9314	Cyanobacteria	Prochlorococcus
prokASV_3221	Prochlorococcus_MIT9331	Prochlorococcus_MIT9331	Cyanobacteria	Prochlorococcus
prokASV_331	Prochlorococcus_MIT9321	Prochlorococcus_MIT9321	Cyanobacteria	Prochlorococcus
prokASV_36	Prochlorococcus_MIT9313	Prochlorococcus_MIT9313	Cyanobacteria	Prochlorococcus
prokASV_366	Prochlorococcus_MIT9313	Prochlorococcus_MIT9313	Cyanobacteria	Prochlorococcus
prokASV_3671	Prochlorococcus_MIT9332	Prochlorococcus_MIT9332	Cyanobacteria	Prochlorococcus
prokASV_368	Prochlorococcus_MIT9313	Prochlorococcus_MIT9313	Cyanobacteria	Prochlorococcus
prokASV_3744	Prochlorococcus_MIT9330	Prochlorococcus_MIT9330	Cyanobacteria	Prochlorococcus
prokASV_375	Prochlorococcus_MIT9313	Prochlorococcus_MIT9313	Cyanobacteria	Prochlorococcus
prokASV_3761	Prochlorococcus_MIT9334	Prochlorococcus_MIT9334	Cyanobacteria	Prochlorococcus
prokASV_3808	Prochlorococcus_MIT9340	Prochlorococcus_MIT9340	Cyanobacteria	Prochlorococcus
prokASV_389	Prochlorococcus_MIT9318	Prochlorococcus_MIT9318	Cyanobacteria	Prochlorococcus
prokASV_395	Prochlorococcus_MIT9313	Prochlorococcus_MIT9313	Cyanobacteria	Prochlorococcus
prokASV_4	Prochlorococcus_MIT9313	Prochlorococcus_MIT9313	Cyanobacteria	Prochlorococcus
prokASV_41	Prochlorococcus_MIT9313	Prochlorococcus_MIT9313	Cyanobacteria	Prochlorococcus
prokASV_4182	Prochlorococcus_MIT9336	Prochlorococcus_MIT9336	Cyanobacteria	Prochlorococcus
prokASV_43	Prochlorococcus_MIT9313	Prochlorococcus_MIT9313	Cyanobacteria	Prochlorococcus
prokASV_453	Prochlorococcus_MIT9319	Prochlorococcus_MIT9319	Cyanobacteria	Prochlorococcus
prokASV_4760	Prochlorococcus_MIT9338	Prochlorococcus_MIT9338	Cyanobacteria	Prochlorococcus
prokASV_496	Prochlorococcus_MIT9313	Prochlorococcus_MIT9313	Cyanobacteria	Prochlorococcus
prokASV_591	Prochlorococcus_MIT9317	Prochlorococcus_MIT9317	Cyanobacteria	Prochlorococcus
prokASV_6102	Prochlorococcus_MIT9337	Prochlorococcus_MIT9337	Cyanobacteria	Prochlorococcus
prokASV_635	Prochlorococcus_MIT9313	Prochlorococcus_MIT9313	Cyanobacteria	Prochlorococcus
prokASV_64	Prochlorococcus_MIT9325	Prochlorococcus_MIT9325	Cyanobacteria	Prochlorococcus
prokASV_69	Prochlorococcus_MIT9313	Prochlorococcus_MIT9313	Cyanobacteria	Prochlorococcus
prokASV_6930	Prochlorococcus_MIT9341	Prochlorococcus_MIT9341	Cyanobacteria	Prochlorococcus
prokASV_7	Prochlorococcus_MIT9313	Prochlorococcus_MIT9313	Cyanobacteria	Prochlorococcus
prokASV_73	Prochlorococcus_MIT9323	Prochlorococcus_MIT9323	Cyanobacteria	Prochlorococcus
prokASV_739	Prochlorococcus_MIT9313	Prochlorococcus_MIT9313	Cyanobacteria	Prochlorococcus
prokASV_7723	Prochlorococcus_MIT9343	Prochlorococcus_MIT9343	Cyanobacteria	Prochlorococcus
prokASV_853	Prochlorococcus_MIT9339	Prochlorococcus_MIT9339	Cyanobacteria	Prochlorococcus
prokASV_863	Prochlorococcus_MIT9313	Prochlorococcus_MIT9313	Cyanobacteria	Prochlorococcus
prokASV_8855	Prochlorococcus_MIT9342	Prochlorococcus_MIT9342	Cyanobacteria	Prochlorococcus
prokASV_92	Prochlorococcus_MIT9313	Prochlorococcus_MIT9313	Cyanobacteria	Prochlorococcus
prokASV_930	Prochlorococcus_MIT9320	Prochlorococcus_MIT9320	Cyanobacteria	Prochlorococcus
prokASV_98	Prochlorococcus_MIT9313	Prochlorococcus_MIT9313	Cyanobacteria	Prochlorococcus
prokASV_1117	Synechococcus_CC9902	Synechococcus_CC9902	Cyanobacteria	Synechococcus
prokASV_122	Synechococcus_CC9902	Synechococcus_CC9902	Cyanobacteria	Synechococcus
prokASV_164	Synechococcus_CC9902	Synechococcus_CC9902	Cyanobacteria	Synechococcus
prokASV_211	Synechococcus_CC9902	Synechococcus_CC9902	Cyanobacteria	Synechococcus
prokASV_2359	Synechococcus_CC9902	Synechococcus_CC9902	Cyanobacteria	Synechococcus
prokASV_26	Synechococcus_CC9902	Synechococcus_CC9902	Cyanobacteria	Synechococcus
prokASV_465	Synechococcus_CC9902	Synechococcus_CC9902	Cyanobacteria	Synechococcus
prokASV_490	Synechococcus_CC9902	Synechococcus_CC9902	Cyanobacteria	Synechococcus
prokASV_587	Synechococcus_CC9902	Synechococcus_CC9902	Cyanobacteria	Synechococcus
prokASV_613	Synechococcus_CC9902	Synechococcus_CC9902	Cyanobacteria	Synechococcus
prokASV_766	Synechococcus_CC9902	Synechococcus_CC9902	Cyanobacteria	Synechococcus
prokASV_784	Synechococcus_CC9902	Synechococcus_CC9902	Cyanobacteria	Synechococcus
prokASV_87	Synechococcus_CC9902	Synechococcus_CC9902	Cyanobacteria	Synechococcus
prokASV_160	Other_cyanobacteria	Other	Cyanobacteria	Sericytochromatia
prokASV_1173	Dadabacteria	Other	Dadabacteria	Dadabacteriales
prokASV_3181	Dadabacteria	Other	Dadabacteria	Dadabacteriales
prokASV_880	Dadabacteria	Other	Dadabacteria	Dadabacteriales
prokASV_999	Dadabacteria	Other	Dadabacteria	Dadabacteriales
prokASV_1030	Euryarchaeota	Other	Euryarchaeota	Marine_Group_II
prokASV_1067	Euryarchaeota	Other	Euryarchaeota	Marine_Group_II
prokASV_1111	Euryarchaeota	Other	Euryarchaeota	Marine_Group_II
prokASV_1286	Euryarchaeota	Other	Euryarchaeota	Marine_Group_II
prokASV_1509	Euryarchaeota	Other	Euryarchaeota	Marine_Group_II
prokASV_181	Euryarchaeota	Other	Euryarchaeota	Marine_Group_II
prokASV_1834	Euryarchaeota	Other	Euryarchaeota	Marine_Group_II
prokASV_2890	Euryarchaeota	Other	Euryarchaeota	Marine_Group_II
prokASV_3203	Euryarchaeota	Other	Euryarchaeota	Marine_Group_II
prokASV_6126	Euryarchaeota	Other	Euryarchaeota	Marine_Group_II
prokASV_647	Euryarchaeota	Other	Euryarchaeota	Marine_Group_II
prokASV_7016	Euryarchaeota	Other	Euryarchaeota	Marine_Group_II
prokASV_852	Euryarchaeota	Other	Euryarchaeota	Marine_Group_II
prokASV_8666	Euryarchaeota	Other	Euryarchaeota	Marine_Group_II
prokASV_891	Euryarchaeota	Other	Euryarchaeota	Marine_Group_II
prokASV_994	Euryarchaeota	Other	Euryarchaeota	Marine_Group_II
prokASV_3339	Euryarchaeota	Other	Euryarchaeota	Marine_Group_III
prokASV_697	Euryarchaeota	Other	Euryarchaeota	Marine_Group_III
prokASV_5475	Firmicutes	Other	Firmicutes	Lactobacillales
prokASV_1009	Kiritimatiellaeota	Other	Kiritimatiellaeota	Kiritimatiellales
prokASV_2496	Kiritimatiellaeota	Other	Kiritimatiellaeota	Kiritimatiellales
prokASV_5512	Kiritimatiellaeota	Other	Kiritimatiellaeota	Kiritimatiellales
prokASV_10177	Margulisbacteria	Other	Margulisbacteria	Margulisbacteria
prokASV_8346	Margulisbacteria	Other	Margulisbacteria	Margulisbacteria
prokASV_10757	Marinimicrobia_(SAR406_clade)	Other	Marinimicrobia	Marinimicrobia
prokASV_1093	Marinimicrobia_(SAR406_clade)	Other	Marinimicrobia	Marinimicrobia
prokASV_1371	Marinimicrobia_(SAR406_clade)	Other	Marinimicrobia	Marinimicrobia
prokASV_1418	Marinimicrobia_(SAR406_clade)	Other	Marinimicrobia	Marinimicrobia
prokASV_1524	Marinimicrobia_(SAR406_clade)	Other	Marinimicrobia	Marinimicrobia
prokASV_1638	Marinimicrobia_(SAR406_clade)	Other	Marinimicrobia	Marinimicrobia
prokASV_1851	Marinimicrobia_(SAR406_clade)	Other	Marinimicrobia	Marinimicrobia
prokASV_2280	Marinimicrobia_(SAR406_clade)	Other	Marinimicrobia	Marinimicrobia
prokASV_2815	Marinimicrobia_(SAR406_clade)	Other	Marinimicrobia	Marinimicrobia
prokASV_286	Marinimicrobia_(SAR406_clade)	Other	Marinimicrobia	Marinimicrobia
prokASV_3038	Marinimicrobia_(SAR406_clade)	Other	Marinimicrobia	Marinimicrobia
prokASV_3631	Marinimicrobia_(SAR406_clade)	Other	Marinimicrobia	Marinimicrobia
prokASV_3652	Marinimicrobia_(SAR406_clade)	Other	Marinimicrobia	Marinimicrobia
prokASV_4498	Marinimicrobia_(SAR406_clade)	Other	Marinimicrobia	Marinimicrobia
prokASV_5260	Marinimicrobia_(SAR406_clade)	Other	Marinimicrobia	Marinimicrobia
prokASV_5343	Marinimicrobia_(SAR406_clade)	Other	Marinimicrobia	Marinimicrobia
prokASV_5524	Marinimicrobia_(SAR406_clade)	Other	Marinimicrobia	Marinimicrobia
prokASV_5600	Marinimicrobia_(SAR406_clade)	Other	Marinimicrobia	Marinimicrobia
prokASV_5792	Marinimicrobia_(SAR406_clade)	Other	Marinimicrobia	Marinimicrobia
prokASV_5950	Marinimicrobia_(SAR406_clade)	Other	Marinimicrobia	Marinimicrobia
prokASV_6547	Marinimicrobia_(SAR406_clade)	Other	Marinimicrobia	Marinimicrobia
prokASV_7017	Marinimicrobia_(SAR406_clade)	Other	Marinimicrobia	Marinimicrobia
prokASV_704	Marinimicrobia_(SAR406_clade)	Other	Marinimicrobia	Marinimicrobia
prokASV_782	Marinimicrobia_(SAR406_clade)	Other	Marinimicrobia	Marinimicrobia
prokASV_7932	Marinimicrobia_(SAR406_clade)	Other	Marinimicrobia	Marinimicrobia
prokASV_837	Marinimicrobia_(SAR406_clade)	Other	Marinimicrobia	Marinimicrobia
prokASV_1008	NA	Other	Other	Other
prokASV_6929	NA	Other	Other	Other
prokASV_2661	PAUC34f	Other	PAUC34f	PAUC34f
prokASV_6872	Planctomycetes	Other	Planctomycetes	OM190
prokASV_2203	Planctomycetes	Other	Planctomycetes	Phycisphaerales
prokASV_2879	Planctomycetes	Other	Planctomycetes	Phycisphaerales
prokASV_794	Planctomycetes	Other	Planctomycetes	Phycisphaerales
prokASV_1886	Planctomycetes	Other	Planctomycetes	Pirellulales
prokASV_1942	Planctomycetes	Other	Planctomycetes	Pirellulales
prokASV_975	Planctomycetes	Other	Planctomycetes	Pirellulales
prokASV_410	Planctomycetes	Other	Planctomycetes	Pirellulales
prokASV_637	Planctomycetes	Other	Planctomycetes	Pirellulales
prokASV_723	Planctomycetes	Other	Planctomycetes	Pirellulales
prokASV_806	Planctomycetes	Other	Planctomycetes	Pirellulales
prokASV_391	Planctomycetes	Other	Planctomycetes	Pirellulales
prokASV_855	Planctomycetes	Other	Planctomycetes	Pirellulales
prokASV_3988	Planctomycetes	Other	Planctomycetes	Pirellulales
prokASV_942	Planctomycetes	Other	Planctomycetes	Pirellulales
prokASV_1630	Planctomycetes	Other	Planctomycetes	Planctomycetales
prokASV_85	Caulobacterales	Other	Alphaproteobacteria	Caulobacterales
prokASV_51	Caulobacterales	0	Alphaproteobacteria	Caulobacterales
prokASV_2096	Caulobacterales	0	Alphaproteobacteria	Caulobacterales
prokASV_702	Micavibrionales	0	Alphaproteobacteria	Micavibrionales
prokASV_2218	Micavibrionales	0	Alphaproteobacteria	Micavibrionales
prokASV_636	Micavibrionales	0	Alphaproteobacteria	Micavibrionales
prokASV_873	Micavibrionales	0	Alphaproteobacteria	Micavibrionales
prokASV_1296	NA_Alphaproteobacteria	Other	Alphaproteobacteria	Other
prokASV_1401	NA_Alphaproteobacteria	Other	Alphaproteobacteria	Other
prokASV_1818	NA_Alphaproteobacteria	Other	Alphaproteobacteria	Other
prokASV_1984	NA_Alphaproteobacteria	Other	Alphaproteobacteria	Other
prokASV_2107	NA_Alphaproteobacteria	Other	Alphaproteobacteria	Other
prokASV_3094	NA_Alphaproteobacteria	Other	Alphaproteobacteria	Other
prokASV_3157	NA_Alphaproteobacteria	Other	Alphaproteobacteria	Other
prokASV_3335	NA_Alphaproteobacteria	Other	Alphaproteobacteria	Other
prokASV_3970	NA_Alphaproteobacteria	Other	Alphaproteobacteria	Other
prokASV_4651	NA_Alphaproteobacteria	Other	Alphaproteobacteria	Other
prokASV_5513	NA_Alphaproteobacteria	Other	Alphaproteobacteria	Other
prokASV_5681	NA_Alphaproteobacteria	Other	Alphaproteobacteria	Other
prokASV_619	NA_Alphaproteobacteria	Other	Alphaproteobacteria	Other
prokASV_768	NA_Alphaproteobacteria	Other	Alphaproteobacteria	Other
prokASV_1815	Parvibaculales	Other	Alphaproteobacteria	Parvibaculales
prokASV_2937	Parvibaculales	Other	Alphaproteobacteria	Parvibaculales
prokASV_3554	Parvibaculales	Other	Alphaproteobacteria	Parvibaculales
prokASV_408	Parvibaculales	Other	Alphaproteobacteria	Parvibaculales
prokASV_509	Parvibaculales	Other	Alphaproteobacteria	Parvibaculales
prokASV_977	Parvibaculales	Other	Alphaproteobacteria	Parvibaculales
prokASV_1823	Parvibaculales	Other	Alphaproteobacteria	Parvibaculales
prokASV_3097	Parvibaculales	Other	Alphaproteobacteria	Parvibaculales
prokASV_2541	Parvibaculales	Other	Alphaproteobacteria	Parvibaculales
prokASV_2633	Parvibaculales	Other	Alphaproteobacteria	Parvibaculales
prokASV_3198	Parvibaculales	Other	Alphaproteobacteria	Parvibaculales
prokASV_4859	Parvibaculales	Other	Alphaproteobacteria	Parvibaculales
prokASV_724	Parvibaculales	Other	Alphaproteobacteria	Parvibaculales
prokASV_1642	SAR116	SAR116	Alphaproteobacteria	SAR116
prokASV_1868	SAR116	SAR116	Alphaproteobacteria	SAR116
prokASV_2734	SAR116	SAR116	Alphaproteobacteria	SAR116
prokASV_2921	SAR116	SAR116	Alphaproteobacteria	SAR116
prokASV_3298	SAR116	SAR116	Alphaproteobacteria	SAR116
prokASV_828	SAR116	SAR116	Alphaproteobacteria	SAR116
prokASV_1184	SAR116	SAR116	Alphaproteobacteria	SAR116
prokASV_1348	SAR116	SAR116	Alphaproteobacteria	SAR116
prokASV_138	SAR116	SAR116	Alphaproteobacteria	SAR116
prokASV_1387	SAR116	SAR116	Alphaproteobacteria	SAR116
prokASV_1953	SAR116	SAR116	Alphaproteobacteria	SAR116
prokASV_197	SAR116	SAR116	Alphaproteobacteria	SAR116
prokASV_2510	SAR116	SAR116	Alphaproteobacteria	SAR116
prokASV_2609	SAR116	SAR116	Alphaproteobacteria	SAR116
prokASV_3024	SAR116	SAR116	Alphaproteobacteria	SAR116
prokASV_3338	SAR116	SAR116	Alphaproteobacteria	SAR116
prokASV_359	SAR116	SAR116	Alphaproteobacteria	SAR116
prokASV_362	SAR116	SAR116	Alphaproteobacteria	SAR116
prokASV_4197	SAR116	SAR116	Alphaproteobacteria	SAR116
prokASV_467	SAR116	SAR116	Alphaproteobacteria	SAR116
prokASV_497	SAR116	SAR116	Alphaproteobacteria	SAR116
prokASV_60	SAR116	SAR116	Alphaproteobacteria	SAR116
prokASV_668	SAR116	SAR116	Alphaproteobacteria	SAR116
prokASV_848	SAR116	SAR116	Alphaproteobacteria	SAR116
prokASV_245	Rhizobiales	Other	Alphaproteobacteria	Rhizobiales
prokASV_3911	Rhizobiales	Other	Alphaproteobacteria	Rhizobiales
prokASV_77	Rhizobiales	Other	Alphaproteobacteria	Rhizobiales
prokASV_357	Rhizobiales	Other	Alphaproteobacteria	Rhizobiales
prokASV_40	Rhizobiales	Other	Alphaproteobacteria	Rhizobiales
prokASV_339	Rhizobiales	Other	Alphaproteobacteria	Rhizobiales
prokASV_48	Rhizobiales	Other	Alphaproteobacteria	Rhizobiales
prokASV_297	Rhizobiales	Other	Alphaproteobacteria	Rhizobiales
prokASV_101	Rhodobacteraceae	Other	Alphaproteobacteria	Rhodobacterales
prokASV_1796	Rhodobacteraceae	Other	Alphaproteobacteria	Rhodobacterales
prokASV_2050	Rhodobacteraceae	Other	Alphaproteobacteria	Rhodobacterales
prokASV_350	Rhodobacteraceae	Other	Alphaproteobacteria	Rhodobacterales
prokASV_5599	Rhodobacteraceae	Other	Alphaproteobacteria	Rhodobacterales
prokASV_590	Rhodobacteraceae	Other	Alphaproteobacteria	Rhodobacterales
prokASV_936	Rhodobacteraceae	Other	Alphaproteobacteria	Rhodobacterales
prokASV_71	Rhodobacteraceae	Other	Alphaproteobacteria	Rhodobacterales
prokASV_5334	Rhodobacteraceae	Other	Alphaproteobacteria	Rhodobacterales
prokASV_1069	Rhodobacteraceae	Other	Alphaproteobacteria	Rhodobacterales
prokASV_1340	Rhodobacteraceae	Other	Alphaproteobacteria	Rhodobacterales
prokASV_14	Rhodobacteraceae	Other	Alphaproteobacteria	Rhodobacterales
prokASV_140	Rhodobacteraceae	Other	Alphaproteobacteria	Rhodobacterales
prokASV_150	Rhodobacteraceae	Other	Alphaproteobacteria	Rhodobacterales
prokASV_165	Rhodobacteraceae	Other	Alphaproteobacteria	Rhodobacterales
prokASV_1810	Rhodobacteraceae	Other	Alphaproteobacteria	Rhodobacterales
prokASV_193	Rhodobacteraceae	Other	Alphaproteobacteria	Rhodobacterales
prokASV_2005	Rhodobacteraceae	Other	Alphaproteobacteria	Rhodobacterales
prokASV_230	Rhodobacteraceae	Other	Alphaproteobacteria	Rhodobacterales
prokASV_2372	Rhodobacteraceae	Other	Alphaproteobacteria	Rhodobacterales
prokASV_333	Rhodobacteraceae	Other	Alphaproteobacteria	Rhodobacterales
prokASV_3561	Rhodobacteraceae	Other	Alphaproteobacteria	Rhodobacterales
prokASV_3613	Rhodobacteraceae	Other	Alphaproteobacteria	Rhodobacterales
prokASV_425	Rhodobacteraceae	Other	Alphaproteobacteria	Rhodobacterales
prokASV_4258	Rhodobacteraceae	Other	Alphaproteobacteria	Rhodobacterales
prokASV_5470	Rhodobacteraceae	Other	Alphaproteobacteria	Rhodobacterales
prokASV_589	Rhodobacteraceae	Other	Alphaproteobacteria	Rhodobacterales
prokASV_6979	Rhodobacteraceae	Other	Alphaproteobacteria	Rhodobacterales
prokASV_887	Rhodobacteraceae	Other	Alphaproteobacteria	Rhodobacterales
prokASV_963	Rhodobacteraceae	Other	Alphaproteobacteria	Rhodobacterales
prokASV_583	Rhodobacteraceae	Other	Alphaproteobacteria	Rhodobacterales
prokASV_137	Rhodobacteraceae	Other	Alphaproteobacteria	Rhodobacterales
prokASV_2037	Rhodobacteraceae	Other	Alphaproteobacteria	Rhodobacterales
prokASV_4172	Rhodobacteraceae	Other	Alphaproteobacteria	Rhodobacterales
prokASV_205	Rhodobacteraceae	Other	Alphaproteobacteria	Rhodobacterales
prokASV_7711	Rhodobacteraceae	Other	Alphaproteobacteria	Rhodobacterales
prokASV_168	Rhodobacteraceae	Other	Alphaproteobacteria	Rhodobacterales
prokASV_2408	Rhodobacteraceae	Other	Alphaproteobacteria	Rhodobacterales
prokASV_3	Rhodobacteraceae	Other	Alphaproteobacteria	Rhodobacterales
prokASV_44	Rhodobacteraceae	Other	Alphaproteobacteria	Rhodobacterales
prokASV_334	Rhodobacteraceae	Other	Alphaproteobacteria	Rhodobacterales
prokASV_1096	Other_Alphaproteobacteria	Other	Alphaproteobacteria	Rhodospirillales
prokASV_157	Other_Alphaproteobacteria	Other	Alphaproteobacteria	Rhodospirillales
prokASV_1652	Other_Alphaproteobacteria	Other	Alphaproteobacteria	Rhodospirillales
prokASV_1877	Other_Alphaproteobacteria	Other	Alphaproteobacteria	Rhodospirillales
prokASV_1896	Other_Alphaproteobacteria	Other	Alphaproteobacteria	Rhodospirillales
prokASV_2035	Other_Alphaproteobacteria	Other	Alphaproteobacteria	Rhodospirillales
prokASV_2074	Other_Alphaproteobacteria	Other	Alphaproteobacteria	Rhodospirillales
prokASV_2099	Other_Alphaproteobacteria	Other	Alphaproteobacteria	Rhodospirillales
prokASV_2196	Other_Alphaproteobacteria	Other	Alphaproteobacteria	Rhodospirillales
prokASV_2521	Other_Alphaproteobacteria	Other	Alphaproteobacteria	Rhodospirillales
prokASV_2595	Other_Alphaproteobacteria	Other	Alphaproteobacteria	Rhodospirillales
prokASV_2688	Other_Alphaproteobacteria	Other	Alphaproteobacteria	Rhodospirillales
prokASV_2950	Other_Alphaproteobacteria	Other	Alphaproteobacteria	Rhodospirillales
prokASV_3102	Other_Alphaproteobacteria	Other	Alphaproteobacteria	Rhodospirillales
prokASV_3202	Other_Alphaproteobacteria	Other	Alphaproteobacteria	Rhodospirillales
prokASV_3807	Other_Alphaproteobacteria	Other	Alphaproteobacteria	Rhodospirillales
prokASV_4094	Other_Alphaproteobacteria	Other	Alphaproteobacteria	Rhodospirillales
prokASV_4127	Other_Alphaproteobacteria	Other	Alphaproteobacteria	Rhodospirillales
prokASV_4146	Other_Alphaproteobacteria	Other	Alphaproteobacteria	Rhodospirillales
prokASV_4452	Other_Alphaproteobacteria	Other	Alphaproteobacteria	Rhodospirillales
prokASV_517	Other_Alphaproteobacteria	Other	Alphaproteobacteria	Rhodospirillales
prokASV_6192	Other_Alphaproteobacteria	Other	Alphaproteobacteria	Rhodospirillales
prokASV_6810	Other_Alphaproteobacteria	Other	Alphaproteobacteria	Rhodospirillales
prokASV_7350	Other_Alphaproteobacteria	Other	Alphaproteobacteria	Rhodospirillales
prokASV_897	Other_Alphaproteobacteria	Other	Alphaproteobacteria	Rhodospirillales
prokASV_2154	Other_Alphaproteobacteria	Other	Alphaproteobacteria	Rhodospirillales
prokASV_3920	Other_Alphaproteobacteria	Other	Alphaproteobacteria	Rhodospirillales
prokASV_4653	Other_Alphaproteobacteria	Other	Alphaproteobacteria	Rhodospirillales
prokASV_5640	Other_Alphaproteobacteria	Other	Alphaproteobacteria	Rhodospirillales
prokASV_528	Other_Alphaproteobacteria	Other	Alphaproteobacteria	Rhodospirillales
prokASV_8484	Other_Alphaproteobacteria	Other	Alphaproteobacteria	Rickettsiales
prokASV_1004	Other_Alphaproteobacteria	Other	Alphaproteobacteria	Rickettsiales
prokASV_1344	Other_Alphaproteobacteria	Other	Alphaproteobacteria	Rickettsiales
prokASV_1542	Other_Alphaproteobacteria	Other	Alphaproteobacteria	Rickettsiales
prokASV_2321	Other_Alphaproteobacteria	Other	Alphaproteobacteria	Rickettsiales
prokASV_2429	Other_Alphaproteobacteria	Other	Alphaproteobacteria	Rickettsiales
prokASV_2436	Other_Alphaproteobacteria	Other	Alphaproteobacteria	Rickettsiales
prokASV_2616	Other_Alphaproteobacteria	Other	Alphaproteobacteria	Rickettsiales
prokASV_2912	Other_Alphaproteobacteria	Other	Alphaproteobacteria	Rickettsiales
prokASV_3062	Other_Alphaproteobacteria	Other	Alphaproteobacteria	Rickettsiales
prokASV_3364	Other_Alphaproteobacteria	Other	Alphaproteobacteria	Rickettsiales
prokASV_3402	Other_Alphaproteobacteria	Other	Alphaproteobacteria	Rickettsiales
prokASV_344	Other_Alphaproteobacteria	Other	Alphaproteobacteria	Rickettsiales
prokASV_4593	Other_Alphaproteobacteria	Other	Alphaproteobacteria	Rickettsiales
prokASV_662	Other_Alphaproteobacteria	Other	Alphaproteobacteria	Rickettsiales
prokASV_792	Other_Alphaproteobacteria	Other	Alphaproteobacteria	Rickettsiales
prokASV_874	Other_Alphaproteobacteria	Other	Alphaproteobacteria	Rickettsiales
prokASV_9849	Other_Alphaproteobacteria	Other	Alphaproteobacteria	Rickettsiales
prokASV_1055	SAR11	SAR11	Alphaproteobacteria	SAR11
prokASV_1075	SAR11	SAR11	Alphaproteobacteria	SAR11
prokASV_1109	SAR11	SAR11	Alphaproteobacteria	SAR11
prokASV_1145	SAR11	SAR11	Alphaproteobacteria	SAR11
prokASV_1194	SAR11	SAR11	Alphaproteobacteria	SAR11
prokASV_1352	SAR11	SAR11	Alphaproteobacteria	SAR11
prokASV_1400	SAR11	SAR11	Alphaproteobacteria	SAR11
prokASV_1428	SAR11	SAR11	Alphaproteobacteria	SAR11
prokASV_1472	SAR11	SAR11	Alphaproteobacteria	SAR11
prokASV_1534	SAR11	SAR11	Alphaproteobacteria	SAR11
prokASV_161	SAR11	SAR11	Alphaproteobacteria	SAR11
prokASV_17	SAR11	SAR11	Alphaproteobacteria	SAR11
prokASV_1915	SAR11	SAR11	Alphaproteobacteria	SAR11
prokASV_21	SAR11	SAR11	Alphaproteobacteria	SAR11
prokASV_2211	SAR11	SAR11	Alphaproteobacteria	SAR11
prokASV_238	SAR11	SAR11	Alphaproteobacteria	SAR11
prokASV_254	SAR11	SAR11	Alphaproteobacteria	SAR11
prokASV_2574	SAR11	SAR11	Alphaproteobacteria	SAR11
prokASV_269	SAR11	SAR11	Alphaproteobacteria	SAR11
prokASV_300	SAR11	SAR11	Alphaproteobacteria	SAR11
prokASV_3296	SAR11	SAR11	Alphaproteobacteria	SAR11
prokASV_332	SAR11	SAR11	Alphaproteobacteria	SAR11
prokASV_3427	SAR11	SAR11	Alphaproteobacteria	SAR11
prokASV_3819	SAR11	SAR11	Alphaproteobacteria	SAR11
prokASV_430	SAR11	SAR11	Alphaproteobacteria	SAR11
prokASV_440	SAR11	SAR11	Alphaproteobacteria	SAR11
prokASV_448	SAR11	SAR11	Alphaproteobacteria	SAR11
prokASV_455	SAR11	SAR11	Alphaproteobacteria	SAR11
prokASV_5030	SAR11	SAR11	Alphaproteobacteria	SAR11
prokASV_5188	SAR11	SAR11	Alphaproteobacteria	SAR11
prokASV_52	SAR11	SAR11	Alphaproteobacteria	SAR11
prokASV_584	SAR11	SAR11	Alphaproteobacteria	SAR11
prokASV_622	SAR11	SAR11	Alphaproteobacteria	SAR11
prokASV_641	SAR11	SAR11	Alphaproteobacteria	SAR11
prokASV_66	SAR11	SAR11	Alphaproteobacteria	SAR11
prokASV_705	SAR11	SAR11	Alphaproteobacteria	SAR11
prokASV_725	SAR11	SAR11	Alphaproteobacteria	SAR11
prokASV_747	SAR11	SAR11	Alphaproteobacteria	SAR11
prokASV_928	SAR11	SAR11	Alphaproteobacteria	SAR11
prokASV_1095	SAR11	SAR11	Alphaproteobacteria	SAR11
prokASV_1116	SAR11	SAR11	Alphaproteobacteria	SAR11
prokASV_1118	SAR11	SAR11	Alphaproteobacteria	SAR11
prokASV_1119	SAR11	SAR11	Alphaproteobacteria	SAR11
prokASV_1151	SAR11	SAR11	Alphaproteobacteria	SAR11
prokASV_1200	SAR11	SAR11	Alphaproteobacteria	SAR11
prokASV_1326	SAR11	SAR11	Alphaproteobacteria	SAR11
prokASV_1337	SAR11	SAR11	Alphaproteobacteria	SAR11
prokASV_1347	SAR11	SAR11	Alphaproteobacteria	SAR11
prokASV_1429	SAR11	SAR11	Alphaproteobacteria	SAR11
prokASV_1495	SAR11	SAR11	Alphaproteobacteria	SAR11
prokASV_1505	SAR11	SAR11	Alphaproteobacteria	SAR11
prokASV_1578	SAR11	SAR11	Alphaproteobacteria	SAR11
prokASV_1643	SAR11	SAR11	Alphaproteobacteria	SAR11
prokASV_1697	SAR11	SAR11	Alphaproteobacteria	SAR11
prokASV_177	SAR11	SAR11	Alphaproteobacteria	SAR11
prokASV_179	SAR11	SAR11	Alphaproteobacteria	SAR11
prokASV_1872	SAR11	SAR11	Alphaproteobacteria	SAR11
prokASV_1935	SAR11	SAR11	Alphaproteobacteria	SAR11
prokASV_2011	SAR11	SAR11	Alphaproteobacteria	SAR11
prokASV_2224	SAR11	SAR11	Alphaproteobacteria	SAR11
prokASV_225	SAR11	SAR11	Alphaproteobacteria	SAR11
prokASV_231	SAR11	SAR11	Alphaproteobacteria	SAR11
prokASV_2462	SAR11	SAR11	Alphaproteobacteria	SAR11
prokASV_250	SAR11	SAR11	Alphaproteobacteria	SAR11
prokASV_2738	SAR11	SAR11	Alphaproteobacteria	SAR11
prokASV_2780	SAR11	SAR11	Alphaproteobacteria	SAR11
prokASV_2874	SAR11	SAR11	Alphaproteobacteria	SAR11
prokASV_3578	SAR11	SAR11	Alphaproteobacteria	SAR11
prokASV_3632	SAR11	SAR11	Alphaproteobacteria	SAR11
prokASV_367	SAR11	SAR11	Alphaproteobacteria	SAR11
prokASV_3712	SAR11	SAR11	Alphaproteobacteria	SAR11
prokASV_3959	SAR11	SAR11	Alphaproteobacteria	SAR11
prokASV_4014	SAR11	SAR11	Alphaproteobacteria	SAR11
prokASV_4042	SAR11	SAR11	Alphaproteobacteria	SAR11
prokASV_4196	SAR11	SAR11	Alphaproteobacteria	SAR11
prokASV_442	SAR11	SAR11	Alphaproteobacteria	SAR11
prokASV_454	SAR11	SAR11	Alphaproteobacteria	SAR11
prokASV_459	SAR11	SAR11	Alphaproteobacteria	SAR11
prokASV_4595	SAR11	SAR11	Alphaproteobacteria	SAR11
prokASV_4645	SAR11	SAR11	Alphaproteobacteria	SAR11
prokASV_4733	SAR11	SAR11	Alphaproteobacteria	SAR11
prokASV_4849	SAR11	SAR11	Alphaproteobacteria	SAR11
prokASV_5301	SAR11	SAR11	Alphaproteobacteria	SAR11
prokASV_563	SAR11	SAR11	Alphaproteobacteria	SAR11
prokASV_58	SAR11	SAR11	Alphaproteobacteria	SAR11
prokASV_6035	SAR11	SAR11	Alphaproteobacteria	SAR11
prokASV_6421	SAR11	SAR11	Alphaproteobacteria	SAR11
prokASV_6455	SAR11	SAR11	Alphaproteobacteria	SAR11
prokASV_683	SAR11	SAR11	Alphaproteobacteria	SAR11
prokASV_706	SAR11	SAR11	Alphaproteobacteria	SAR11
prokASV_86	SAR11	SAR11	Alphaproteobacteria	SAR11
prokASV_896	SAR11	SAR11	Alphaproteobacteria	SAR11
prokASV_91	SAR11	SAR11	Alphaproteobacteria	SAR11
prokASV_9561	SAR11	SAR11	Alphaproteobacteria	SAR11
prokASV_973	SAR11	SAR11	Alphaproteobacteria	SAR11
prokASV_7160	SAR11	SAR11	Alphaproteobacteria	SAR11
prokASV_1074	SAR11	SAR11	Alphaproteobacteria	SAR11
prokASV_1311	SAR11	SAR11	Alphaproteobacteria	SAR11
prokASV_132	SAR11	SAR11	Alphaproteobacteria	SAR11
prokASV_2106	SAR11	SAR11	Alphaproteobacteria	SAR11
prokASV_2250	SAR11	SAR11	Alphaproteobacteria	SAR11
prokASV_3548	SAR11	SAR11	Alphaproteobacteria	SAR11
prokASV_3574	SAR11	SAR11	Alphaproteobacteria	SAR11
prokASV_3703	SAR11	SAR11	Alphaproteobacteria	SAR11
prokASV_376	SAR11	SAR11	Alphaproteobacteria	SAR11
prokASV_4087	SAR11	SAR11	Alphaproteobacteria	SAR11
prokASV_46	SAR11	SAR11	Alphaproteobacteria	SAR11
prokASV_4836	SAR11	SAR11	Alphaproteobacteria	SAR11
prokASV_611	SAR11	SAR11	Alphaproteobacteria	SAR11
prokASV_6580	SAR11	SAR11	Alphaproteobacteria	SAR11
prokASV_902	SAR11	SAR11	Alphaproteobacteria	SAR11
prokASV_2353	SAR11	SAR11	Alphaproteobacteria	SAR11
prokASV_4378	SAR11	SAR11	Alphaproteobacteria	SAR11
prokASV_7236	SAR11	SAR11	Alphaproteobacteria	SAR11
prokASV_175	SAR11	SAR11	Alphaproteobacteria	SAR11
prokASV_3782	SAR11	SAR11	Alphaproteobacteria	SAR11
prokASV_561	SAR11	SAR11	Alphaproteobacteria	SAR11
prokASV_567	SAR11	SAR11	Alphaproteobacteria	SAR11
prokASV_854	SAR11	SAR11	Alphaproteobacteria	SAR11
prokASV_212	Other_Alphaproteobacteria	Other	Alphaproteobacteria	Sphingomonadales
prokASV_200	Other_Alphaproteobacteria	Other	Alphaproteobacteria	Sphingomonadales
prokASV_12	Other_Alphaproteobacteria	Other	Alphaproteobacteria	Sphingomonadales
prokASV_1479	Other_Alphaproteobacteria	Other	Alphaproteobacteria	Sphingomonadales
prokASV_159	Other_Alphaproteobacteria	Other	Alphaproteobacteria	Sphingomonadales
prokASV_19	Other_Alphaproteobacteria	Other	Alphaproteobacteria	Sphingomonadales
prokASV_5	Other_Alphaproteobacteria	Other	Alphaproteobacteria	Sphingomonadales
prokASV_23	Other_Alphaproteobacteria	Other	Alphaproteobacteria	Sphingomonadales
prokASV_511	Other_Alphaproteobacteria	Other	Alphaproteobacteria	Sphingomonadales
prokASV_2180	Other_Alphaproteobacteria	Other	Alphaproteobacteria	Thalassobaculales
prokASV_548	Other_Alphaproteobacteria	Other	Alphaproteobacteria	Thalassobaculales
prokASV_872	Other_Alphaproteobacteria	Other	Deltaproteobacteria	Thalassobaculales
prokASV_310	Deltaproteobacteria	Other	Deltaproteobacteria	Bdellovibrionales
prokASV_1440	Deltaproteobacteria	Other	Deltaproteobacteria	Bdellovibrionales
prokASV_7349	Deltaproteobacteria	Other	Deltaproteobacteria	Bdellovibrionales
prokASV_7575	Deltaproteobacteria	Other	Deltaproteobacteria	Bdellovibrionales
prokASV_3189	Deltaproteobacteria	Other	Deltaproteobacteria	Bdellovibrionales
prokASV_3453	Deltaproteobacteria	Other	Deltaproteobacteria	Bdellovibrionales
prokASV_3586	Deltaproteobacteria	Other	Deltaproteobacteria	Bdellovibrionales
prokASV_4478	Deltaproteobacteria	Other	Deltaproteobacteria	Bdellovibrionales
prokASV_4826	Deltaproteobacteria	Other	Deltaproteobacteria	Bdellovibrionales
prokASV_7056	Deltaproteobacteria	Other	Deltaproteobacteria	Bdellovibrionales
prokASV_7250	Deltaproteobacteria	Other	Deltaproteobacteria	Bdellovibrionales
prokASV_110	Deltaproteobacteria	Other	Deltaproteobacteria	Bradymonadales
prokASV_3695	Deltaproteobacteria	Other	Deltaproteobacteria	Myxococcales
prokASV_4443	Deltaproteobacteria	Other	Deltaproteobacteria	Myxococcales
prokASV_5021	Deltaproteobacteria	Other	Deltaproteobacteria	Myxococcales
prokASV_3204	Deltaproteobacteria	Other	Deltaproteobacteria	Oligoflexales
prokASV_1816	Deltaproteobacteria	Other	Deltaproteobacteria	PB19
prokASV_6029	Deltaproteobacteria	Other	Deltaproteobacteria	PB19
prokASV_1334	Deltaproteobacteria	Other	Gammaproteobacteria	SAR325
prokASV_232	Deltaproteobacteria	Other	Deltaproteobacteria	SAR324
prokASV_2464	Deltaproteobacteria	Other	Gammaproteobacteria	SAR324
prokASV_398	Deltaproteobacteria	Other	Gammaproteobacteria	SAR326
prokASV_529	Deltaproteobacteria	Other	Deltaproteobacteria	SAR324
prokASV_37	Other_Gammaproteobacteria	Other	Gammaproteobacteria	Alteromonadales
prokASV_11	Other_Gammaproteobacteria	Other	Gammaproteobacteria	Alteromonadales
prokASV_118	Other_Gammaproteobacteria	Other	Gammaproteobacteria	Alteromonadales
prokASV_16	Other_Gammaproteobacteria	Other	Gammaproteobacteria	Alteromonadales
prokASV_173	Other_Gammaproteobacteria	Other	Gammaproteobacteria	Alteromonadales
prokASV_61	Other_Gammaproteobacteria	Other	Gammaproteobacteria	Alteromonadales
prokASV_88	Other_Gammaproteobacteria	Other	Gammaproteobacteria	Alteromonadales
prokASV_34	Other_Gammaproteobacteria	Other	Gammaproteobacteria	Alteromonadales
prokASV_125	Other_Gammaproteobacteria	Other	Gammaproteobacteria	Alteromonadales
prokASV_148	Other_Gammaproteobacteria	Other	Gammaproteobacteria	Alteromonadales
prokASV_28	Other_Gammaproteobacteria	Other	Gammaproteobacteria	Alteromonadales
prokASV_53	Other_Gammaproteobacteria	Other	Gammaproteobacteria	Alteromonadales
prokASV_57	Other_Gammaproteobacteria	Other	Gammaproteobacteria	Alteromonadales
prokASV_1122	Other_Gammaproteobacteria	Other	Gammaproteobacteria	Burkholderiaceae
prokASV_2954	Other_Gammaproteobacteria	Other	Gammaproteobacteria	Burkholderiaceae
prokASV_6266	Other_Gammaproteobacteria	Other	Gammaproteobacteria	Burkholderiaceae
prokASV_1035	Other_Gammaproteobacteria	Other	Gammaproteobacteria	Methylophilaceae
prokASV_5448	Other_Gammaproteobacteria	Other	Gammaproteobacteria	Nitrosomonadaceae
prokASV_1500	Other_Gammaproteobacteria	Other	Gammaproteobacteria	Cellvibrionales
prokASV_1508	Other_Gammaproteobacteria	Other	Gammaproteobacteria	Cellvibrionales
prokASV_2593	Other_Gammaproteobacteria	Other	Gammaproteobacteria	Cellvibrionales
prokASV_2677	Other_Gammaproteobacteria	Other	Gammaproteobacteria	Cellvibrionales
prokASV_673	Other_Gammaproteobacteria	Other	Gammaproteobacteria	Cellvibrionales
prokASV_761	Other_Gammaproteobacteria	Other	Gammaproteobacteria	Cellvibrionales
prokASV_8854	Other_Gammaproteobacteria	Other	Gammaproteobacteria	Cellvibrionales
prokASV_2279	Other_Gammaproteobacteria	Other	Gammaproteobacteria	Cellvibrionales
prokASV_516	Other_Gammaproteobacteria	Other	Gammaproteobacteria	Cellvibrionales
prokASV_698	Other_Gammaproteobacteria	Other	Gammaproteobacteria	Cellvibrionales
prokASV_2949	Other_Gammaproteobacteria	Other	Gammaproteobacteria	Coxiellales
prokASV_3478	Other_Gammaproteobacteria	Other	Gammaproteobacteria	Coxiellales
prokASV_4546	Other_Gammaproteobacteria	Other	Gammaproteobacteria	Coxiellales
prokASV_4694	Other_Gammaproteobacteria	Other	Gammaproteobacteria	Coxiellales
prokASV_6896	Other_Gammaproteobacteria	Other	Gammaproteobacteria	Coxiellales
prokASV_7328	Other_Gammaproteobacteria	Other	Gammaproteobacteria	Coxiellales
prokASV_1565	Other_Gammaproteobacteria	Other	Gammaproteobacteria	Ectothiorhodospirales
prokASV_4340	Other_Gammaproteobacteria	Other	Gammaproteobacteria	Ectothiorhodospirales
prokASV_5998	Other_Gammaproteobacteria	Other	Gammaproteobacteria	Ectothiorhodospirales
prokASV_241	Other_Gammaproteobacteria	Other	Gammaproteobacteria	Other
prokASV_1639	Other_Gammaproteobacteria	Other	Gammaproteobacteria	Other
prokASV_1012	Other_Gammaproteobacteria	Other	Gammaproteobacteria	Other
prokASV_1086	Other_Gammaproteobacteria	Other	Gammaproteobacteria	Other
prokASV_338	Other_Gammaproteobacteria	Other	Gammaproteobacteria	Other
prokASV_2826	Other_Gammaproteobacteria	Other	Gammaproteobacteria	Other
prokASV_2956	Other_Gammaproteobacteria	Other	Gammaproteobacteria	Other
prokASV_5082	Other_Gammaproteobacteria	Other	Gammaproteobacteria	Other
prokASV_5769	Other_Gammaproteobacteria	Other	Gammaproteobacteria	Other
prokASV_242	Other_Gammaproteobacteria	Other	Gammaproteobacteria	Nitrosococcales
prokASV_221	Other_Gammaproteobacteria	Other	Gammaproteobacteria	Oceanospirillales
prokASV_25	Other_Gammaproteobacteria	Other	Gammaproteobacteria	Oceanospirillales
prokASV_270	Other_Gammaproteobacteria	Other	Gammaproteobacteria	Oceanospirillales
prokASV_289	Other_Gammaproteobacteria	Other	Gammaproteobacteria	Oceanospirillales
prokASV_9	Other_Gammaproteobacteria	Other	Gammaproteobacteria	Oceanospirillales
prokASV_74	Other_Gammaproteobacteria	Other	Gammaproteobacteria	Oceanospirillales
prokASV_2538	Other_Gammaproteobacteria	Other	Gammaproteobacteria	Oceanospirillales
prokASV_3465	Other_Gammaproteobacteria	Other	Gammaproteobacteria	Oceanospirillales
prokASV_1662	Other_Gammaproteobacteria	Other	Gammaproteobacteria	Oceanospirillales
prokASV_2296	Other_Gammaproteobacteria	Other	Gammaproteobacteria	Oceanospirillales
prokASV_5494	Other_Gammaproteobacteria	Other	Gammaproteobacteria	Oceanospirillales
prokASV_7574	Other_Gammaproteobacteria	Other	Gammaproteobacteria	Oceanospirillales
prokASV_50	Other_Gammaproteobacteria	Other	Gammaproteobacteria	Oceanospirillales
prokASV_2159	Other_Gammaproteobacteria	Other	Gammaproteobacteria	Other
prokASV_4998	Other_Gammaproteobacteria	Other	Gammaproteobacteria	Other
prokASV_5342	Other_Gammaproteobacteria	Other	Gammaproteobacteria	Other
prokASV_7465	Other_Gammaproteobacteria	Other	Gammaproteobacteria	Other
prokASV_4718	Other_Gammaproteobacteria	Other	Gammaproteobacteria	Other
prokASV_143	Other_Gammaproteobacteria	Other	Gammaproteobacteria	Pseudomonadales
prokASV_42	Other_Gammaproteobacteria	Other	Gammaproteobacteria	Pseudomonadales
prokASV_96	Other_Gammaproteobacteria	Other	Gammaproteobacteria	Pseudomonadales
prokASV_116	Other_Gammaproteobacteria	Other	Gammaproteobacteria	Pseudomonadales
prokASV_400	Other_Gammaproteobacteria	Other	Gammaproteobacteria	Pseudomonadales
prokASV_1058	Other_Gammaproteobacteria	Other	Gammaproteobacteria	Salinisphaerales
prokASV_38	Other_Gammaproteobacteria	Other	Gammaproteobacteria	Salinisphaerales
prokASV_220	Other_Gammaproteobacteria	Other	Gammaproteobacteria	Salinisphaerales
prokASV_1018	SAR96	SAR96	Gammaproteobacteria	SAR96
prokASV_10687	SAR108	SAR108	Gammaproteobacteria	SAR108
prokASV_1124	SAR86	SAR86	Gammaproteobacteria	SAR86
prokASV_1208	SAR86	SAR86	Gammaproteobacteria	SAR86
prokASV_1214	SAR100	SAR100	Gammaproteobacteria	SAR100
prokASV_1258	SAR86	SAR86	Gammaproteobacteria	SAR86
prokASV_1301	SAR88	SAR88	Gammaproteobacteria	SAR88
prokASV_13220	SAR110	SAR110	Gammaproteobacteria	SAR110
prokASV_1431	SAR86	SAR86	Gammaproteobacteria	SAR86
prokASV_1450	SAR86	SAR86	Gammaproteobacteria	SAR86
prokASV_1456	SAR89	SAR89	Gammaproteobacteria	SAR89
prokASV_1459	SAR86	SAR86	Gammaproteobacteria	SAR86
prokASV_1516	SAR98	SAR98	Gammaproteobacteria	SAR98
prokASV_1620	SAR86	SAR86	Gammaproteobacteria	SAR86
prokASV_1756	SAR86	SAR86	Gammaproteobacteria	SAR86
prokASV_1769	SAR86	SAR86	Gammaproteobacteria	SAR86
prokASV_1811	SAR86	SAR86	Gammaproteobacteria	SAR86
prokASV_1845	SAR86	SAR86	Gammaproteobacteria	SAR86
prokASV_1924	SAR90	SAR90	Gammaproteobacteria	SAR90
prokASV_1947	SAR86	SAR86	Gammaproteobacteria	SAR86
prokASV_1990	SAR86	SAR86	Gammaproteobacteria	SAR86
prokASV_2322	SAR101	SAR101	Gammaproteobacteria	SAR101
prokASV_2392	SAR86	SAR86	Gammaproteobacteria	SAR86
prokASV_2628	SAR95	SAR95	Gammaproteobacteria	SAR95
prokASV_2645	SAR99	SAR99	Gammaproteobacteria	SAR99
prokASV_2849	SAR94	SAR94	Gammaproteobacteria	SAR94
prokASV_288	SAR86	SAR86	Gammaproteobacteria	SAR86
prokASV_2972	SAR91	SAR91	Gammaproteobacteria	SAR91
prokASV_302	SAR87	SAR87	Gammaproteobacteria	SAR87
prokASV_309	SAR86	SAR86	Gammaproteobacteria	SAR86
prokASV_3217	SAR92	SAR92	Gammaproteobacteria	SAR92
prokASV_327	SAR86	SAR86	Gammaproteobacteria	SAR86
prokASV_3295	SAR93	SAR93	Gammaproteobacteria	SAR93
prokASV_3307	SAR86	SAR86	Gammaproteobacteria	SAR86
prokASV_3360	SAR106	SAR106	Gammaproteobacteria	SAR106
prokASV_356	SAR86	SAR86	Gammaproteobacteria	SAR86
prokASV_363	SAR86	SAR86	Gammaproteobacteria	SAR86
prokASV_382	SAR86	SAR86	Gammaproteobacteria	SAR86
prokASV_394	SAR86	SAR86	Gammaproteobacteria	SAR86
prokASV_4572	SAR105	SAR105	Gammaproteobacteria	SAR105
prokASV_4577	SAR102	SAR102	Gammaproteobacteria	SAR102
prokASV_4749	SAR107	SAR107	Gammaproteobacteria	SAR107
prokASV_5033	SAR97	SAR97	Gammaproteobacteria	SAR97
prokASV_5271	SAR86	SAR86	Gammaproteobacteria	SAR86
prokASV_5319	SAR103	SAR103	Gammaproteobacteria	SAR103
prokASV_543	SAR86	SAR86	Gammaproteobacteria	SAR86
prokASV_5879	SAR86	SAR86	Gammaproteobacteria	SAR86
prokASV_5963	SAR86	SAR86	Gammaproteobacteria	SAR86
prokASV_608	SAR86	SAR86	Gammaproteobacteria	SAR86
prokASV_759	SAR86	SAR86	Gammaproteobacteria	SAR86
prokASV_776	SAR86	SAR86	Gammaproteobacteria	SAR86
prokASV_844	SAR86	SAR86	Gammaproteobacteria	SAR86
prokASV_864	SAR86	SAR86	Gammaproteobacteria	SAR86
prokASV_8650	SAR104	SAR104	Gammaproteobacteria	SAR104
prokASV_9361	SAR109	SAR109	Gammaproteobacteria	SAR109
prokASV_983	SAR86	SAR86	Gammaproteobacteria	SAR86
prokASV_1853	Other_Gammaproteobacteria	Other	Gammaproteobacteria	Steroidobacterales
prokASV_1289	Other_Gammaproteobacteria	Other	Gammaproteobacteria	Thiotrichales
prokASV_2059	Other_Gammaproteobacteria	Other	Proteobacteria	Thiotrichales
prokASV_479	Other_Gammaproteobacteria	Other	Gammaproteobacteria	Thiotrichales
prokASV_644	Other_Gammaproteobacteria	Other	Gammaproteobacteria	Thiotrichales
prokASV_970	Other_Gammaproteobacteria	Other	Proteobacteria	Thiotrichales
prokASV_1329	Other_Gammaproteobacteria	Other	Proteobacteria	Other
prokASV_1426	Other_Gammaproteobacteria	Other	Proteobacteria	Vibrionales
prokASV_1986	Other_Gammaproteobacteria	Other	Proteobacteria	Vibrionales
prokASV_2861	NA_Proteobacteria	Other	Other	Other
prokASV_3113	NA_Proteobacteria	Other	Other	Other
prokASV_5449	NA_Proteobacteria	Other	Other	Other
prokASV_54	Thaumarchaeota	Nitrososphaeria	Thaumarchaeota	Nitrososphaeria
prokASV_1279	Verrucomicrobiae	Other	Verrucomicrobia	Verrucomicrobiae
prokASV_4369	Verrucomicrobiae	Other	Verrucomicrobia	Verrucomicrobiae
prokASV_5585	Verrucomicrobiae	Other	Verrucomicrobia	Verrucomicrobiae
prokASV_1037	Verrucomicrobiae	Other	Verrucomicrobia	Verrucomicrobiae
prokASV_1526	Verrucomicrobiae	Other	Verrucomicrobia	Verrucomicrobiae
prokASV_503	Verrucomicrobiae	Other	Verrucomicrobia	Verrucomicrobiae
prokASV_1445	Verrucomicrobiae	Other	Verrucomicrobia	Verrucomicrobiae
prokASV_235	Verrucomicrobiae	Other	Verrucomicrobia	Verrucomicrobiae
prokASV_1336	Verrucomicrobiae	Other	Verrucomicrobia	Verrucomicrobiae
prokASV_1475	Verrucomicrobiae	Other	Verrucomicrobia	Verrucomicrobiae
prokASV_3804	Verrucomicrobiae	Other	Verrucomicrobia	Verrucomicrobiae
prokASV_4052	Verrucomicrobiae	Other	Verrucomicrobia	Verrucomicrobiae
prokASV_4095	Verrucomicrobiae	Other	Verrucomicrobia	Verrucomicrobiae
prokASV_7399	Verrucomicrobiae	Other	Verrucomicrobia	Verrucomicrobiae
prokASV_2197	Verrucomicrobiae	Other	Verrucomicrobia	Verrucomicrobiae
prokASV_3461	Verrucomicrobiae	Other	Verrucomicrobia	Verrucomicrobiae
prokASV_1916	Verrucomicrobiae	Other	Verrucomicrobia	Verrucomicrobiae
prokASV_3188	Verrucomicrobiae	Other	Verrucomicrobia	Verrucomicrobiae
prokASV_2578	Verrucomicrobiae	Other	Verrucomicrobia	Verrucomicrobiae
prokASV_5209	Verrucomicrobiae	Other	Verrucomicrobia	Verrucomicrobiae
prokASV_598	Verrucomicrobiae	Other	Verrucomicrobia	Verrucomicrobiae
prokASV_8785	Verrucomicrobiae	Other	Verrucomicrobia	Verrucomicrobiae
prokASV_13	WPS-2	Other	Other	Other
prokASV_2300	WPS-2	Other	Other	Other
prokASV_65	WPS-3	Other	Other	Other
